temp,res,err
273.65,26176.6148,108.1370804
360.35,1209.7372,1.418521122
294.85,10905.9156,30.32165342