temp,res,err
273.85,25877.5676,199.3269073
360.9,1132.15,1.30451102
295.25,10891.3072,10.04528715