temp,res,err
273.75,26785.3028,109.9836615
360.65,1426.1132,3.878880411
295.05,11220.6704,10.44203203