temp,res,err
273.75,26662.0608,95.04204416
360.45,1448.6856,6.869036519
294.95,11127.9752,17.27582545