temp,res,err
274.05,25800.99,463.4746917
361.05,1011.868,3.497054618
295.45,10855.5632,11.26286485