temp,res,err
273.95,25912.9948,68.73286976
360.55,1225.9788,1.950231125
295.05,11147.1764,16.89339906